{
  "constraints": {
    "max_velocity_meters_per_sec": 3.4000000000000012
  },
  "path_elements": [
    {
      "type": "translation",
      "x_meters": 2.601454545454545,
      "y_meters": 2.626515151515151
    },
    {
      "type": "rotation",
      "rotation_radians": -0.6589832608124748,
      "t_ratio": 0.6769029312579787,
      "profiled_rotation": true
    },
    {
      "type": "translation",
      "x_meters": 11.43063372859025,
      "y_meters": 5.724333333333334
    }
  ]
}